STAFF,LEVEL,GROUP
Oliwier Rhodes,Lv9,Holistic Energy Solutions
Kacey Harvey,Lv10,Targeted Health Innovators
Aston Parks,Lv10,Mental & Emotional Wellness Advocates
Harry Baker,Lv8,Resilience & Longevity Team
Tanvir Beech,Lv6,Resilience & Longevity Team
Asma Lake,Lv3,Resilience & Longevity Team
Asim Hartman,Lv6,Resilience & Longevity Team
Vickie Berry,Lv7,Resilience & Longevity Team
Maison Bowden,Lv6,Resilience & Longevity Team
Ishmael Sullivan,Lv6,Resilience & Longevity Team
Aarush Schmitt,Lv4,Resilience & Longevity Team
Nabilah Connor,Lv8,Holistic Energy Solutions
Maxine Keeling,Lv3,Holistic Energy Solutions
Lucie Hail,Lv3,Holistic Energy Solutions
Samara Preston,Lv4,Holistic Energy Solutions
Blair Avery,Lv7,Holistic Energy Solutions
Danielius Greenaway,Lv4,Holistic Energy Solutions
Gabriela Workman,Lv5,Holistic Energy Solutions
Emaan Floyd,Lv6,Holistic Energy Solutions
Prince Robles,Lv8,Targeted Health Innovators
Youssef Hodson,Lv6,Targeted Health Innovators
Jeffery Mair,Lv4,Targeted Health Innovators
Keyan Flores,Lv4,Targeted Health Innovators
Reiss Lord,Lv8,Targeted Health Innovators
Farah Kaur,Lv6,Targeted Health Innovators
Frederic Henson,Lv3,Targeted Health Innovators
Zainab Adams,Lv5,Targeted Health Innovators
Ari Rios,Lv7,Targeted Health Innovators
Aaran Dejesus,Lv3,Targeted Health Innovators
Hywel Trevino,Lv5,Targeted Health Innovators
Madelaine Sykes,Lv5,Targeted Health Innovators
Matthew Traynor,Lv8,Muscle & Joint Performance Unit
Yassin Roberson,Lv5,Muscle & Joint Performance Unit
Tyrell Cohen,Lv5,Muscle & Joint Performance Unit
Aroush Torres,Lv4,Muscle & Joint Performance Unit
Tyreece Hulme,Lv8,Skin & Body Harmony Group
Bonnie Milne,Lv3,Skin & Body Harmony Group
Hadley Lara,Lv6,Skin & Body Harmony Group
Andrei Kim,Lv3,Skin & Body Harmony Group
Josie Savage,Lv8,Muscle & Joint Performance Unit
Macsen Hughes,Lv5,Muscle & Joint Performance Unit
Ibrahim Blake,Lv3,Muscle & Joint Performance Unit
Primrose Levy,Lv5,Muscle & Joint Performance Unit
Samuel Yoder,Lv7,Skin & Body Harmony Group
Ismael Weeks,Lv4,Skin & Body Harmony Group
Daanyaal Cameron,Lv5,Skin & Body Harmony Group
Sohail Black,Lv5,Skin & Body Harmony Group
Shayne Morley,Lv8,Muscle & Joint Performance Unit
Sofia Rooney,Lv5,Muscle & Joint Performance Unit
Jorja Mayer,Lv4,Muscle & Joint Performance Unit
Brielle Colon,Lv5,Muscle & Joint Performance Unit
Emma Rose,Lv8,Mental & Emotional Wellness Advocates
Kiki Kirk,Lv4,Mental & Emotional Wellness Advocates
Dominykas Orozco,Lv5,Mental & Emotional Wellness Advocates
Izabelle Trejo,Lv4,Mental & Emotional Wellness Advocates
Myrtle Mcfarland,Lv7,Mental & Emotional Wellness Advocates
Tyron Reynolds,Lv6,Mental & Emotional Wellness Advocates
Joss Stevenson,Lv4,Mental & Emotional Wellness Advocates
Rubie Callahan,Lv4,Mental & Emotional Wellness Advocates
Shannon Stein,Lv7,Mental & Emotional Wellness Advocates
Wilma House,Lv5,Mental & Emotional Wellness Advocates
Cecelia Buckley,Lv4,Mental & Emotional Wellness Advocates
Brandon-Lee Delaney,Lv3,Mental & Emotional Wellness Advocates
Osama Fenton,Lv7,Mental & Emotional Wellness Advocates
Giuseppe Field,Lv3,Mental & Emotional Wellness Advocates
Kris Draper,Lv3,Mental & Emotional Wellness Advocates
Zahra Costa,Lv6,Mental & Emotional Wellness Advocates
Chantel Valencia,Lv8,Mental & Emotional Wellness Advocates
Naomi Hume,Lv3,Mental & Emotional Wellness Advocates
Diya Davidson,Lv5,Mental & Emotional Wellness Advocates
Yaseen Herman,Lv4,Mental & Emotional Wellness Advocates